{"cameraMode":{"drawMode":0,"name":"Shaded","section":"Shading Mode"},"sceneLighting":true,"audioPlay":false,"sceneViewState":{"showFog":true,"showMaterialUpdate":false,"showSkybox":true,"showFlares":true,"showImageEffects":true,"showParticleSystems":true},"in2DMode":false,"pivot":{"x":-4.370999813079834,"y":0.15999998152256013,"z":0.0},"rotation":{"x":-0.02580231800675392,"y":-0.01889563910663128,"z":0.0004882603825535625,"w":-0.9994916319847107},"size":0.8660253882408142,"orthographic":false}