{"cameraMode":{"drawMode":0,"name":"Shaded","section":"Shading Mode"},"sceneLighting":true,"audioPlay":false,"sceneViewState":{"showFog":true,"showMaterialUpdate":false,"showSkybox":true,"showFlares":true,"showImageEffects":true,"showParticleSystems":true},"in2DMode":false,"pivot":{"x":624.3906860351563,"y":126.63758087158203,"z":-36.72736358642578},"rotation":{"x":0.034157223999500278,"y":0.03956318274140358,"z":0.001354329171590507,"w":-0.9986445903778076},"size":142.0511474609375,"orthographic":false}