{"cameraMode":{"drawMode":0,"name":"Shaded","section":"Shading Mode"},"sceneLighting":true,"audioPlay":false,"sceneViewState":{"showFog":true,"showMaterialUpdate":false,"showSkybox":true,"showFlares":true,"showImageEffects":true,"showParticleSystems":true},"in2DMode":false,"pivot":{"x":14.151576042175293,"y":7.687478065490723,"z":-4.480286121368408},"rotation":{"x":-0.06978945434093476,"y":0.614709734916687,"z":-0.05473630130290985,"w":-0.7837654948234558},"size":0.595147967338562,"orthographic":false}